Risk Name,Risk Description
Regulatory Compliance Risk,"The risk of non-compliance with legal and regulatory obligations, including risks stemming from insufficient understanding or application of regulations, ineffective compliance monitoring systems, and failure to meet regulatory requirements. This risk could result in legal penalties, operational disruptions, financial penalties, loss of funding, or reputational harm."
Insufficient understanding of policy/regulation,"Risk of insufficient understanding or application of regulatory obligations leading to legal penalties, operational disruptions, or reputational harm.  "
Ineffective compliance monitoring,"Risk of ineffective compliance monitoring systems failing to capture new or updated legal and regulatory requirements, potentially resulting in legal penalties, operational disruptions or reputational harm resulting from non-compliance."
Regulatory non-compliance,"Risk of non-compliance with regulatory requirements that could result in financial penalties or funding loss, operational disruption or reputational harm. "
Legal and Contractual Risk,"The risk that inadequate understanding or management of contractual obligations, ineffective litigation management, and non-compliance with legal standards and requirements could result in disputes, unfavorable legal outcomes, financial liabilities, operational disruptions, or reputational harm."
Contractual obligation mismanagement,"Risk of inadequate understanding or management of contractual obligations, potentially leading to disputes, financial liabilities, or reputational damage. "
Ineffective litigation management,"Risk of ineffective litigation management, potentially resulting in unfavorable legal outcomes, financial losses, or reputational harm. "
Non-compliance with legal standards,"Risk of non-compliance with legal standards and requirements, impacting the university's operations, credibility, and financial standing. "
Academic Compliance Risk,"The risk of non-compliance with academic accreditation standards, formal educational delivery standards, specific standards set by academic bodies, or financial reporting requirements and grant conditions. Jeopardized program credibility, university accreditation concerns, student satisfaction issues, poor academic outcomes, program closures, financial penalties, loss of funding, operational disruptions, or reputational damage could result from this risk."
Non-compliance with accreditation standards,"Risk of non-compliance with academic accreditation standards jeopardizing program credibility, university accreditation, or funding. "
Failure to meet education delivery standards,"Risk of failing to adhere to formal educational delivery standards, impacting student satisfaction, academic outcomes, or funding eligibility. "
Non-compliance with academic standards,"Risk of non-compliance with specific standards set by academic bodies for program offerings, potentially leading to program closures, reputational damage, or funding loss. "
Grant Reporting Risk,"Risk of non-compliance with financial reporting requirements or required grant conditions, which could result in financial penalties, loss of funding (both current and future), operational disruption, or reputational damage. "
Economic Environment Risk,"The risk stemming from economic downturns, changes in regulatory requirements, foreign government sanctions, adverse fluctuations in foreign exchange rates, or inflation, all of which negatively impact the university's financial resources and financial sustainability, international research funding and strategic collaborations, increased costs associated with international transactions, and budget planning reliability."
Economic Downturn Risk,"Risk of economic downturns affecting donations and endowments, impacting the university's financial resources. "
Tax Change Risk,Risk of changes in regulatory requirements impacting tax obligations.
Foreign Sanction Risk,"The risk of foreign sanctions restricting the university’s international research funding, ability to collaborate with global partners, and capacity to engage international students."
Foreign Exchange Volatility Risk,"The risk of fluctuations in foreign exchange rates impacting the financial cost of international transactions, with a particular focus on payments made in foreign currencies. This risk can affect budget planning, financial forecasting, and overall financial stability. "
Inflation Risk,"Risk of inflation eroding the purchasing power of the university's funds, impacting budget planning and financial sustainability. "
Cash Flow Risk,The risk of insufficient cash flow to meet operational and investment requirements. 
Cash Flow Risk,There is risk that we have insufficient cash flow to meet operational and investment requirements. 
Default Risk,"The risk of default by students, government, donors, or financial partners, and the risk of financial losses from investments in external entities, such as partnerships or joint ventures, due to defaults or bankruptcies."
Financial Partner Default ,"There is risk of default by students, government, donors or financial partners. "
Investment Default Risk,"Risk of investments in external entities, such as partnerships or joint ventures, resulting in financial losses due to defaults or bankruptcies. "
Interest Rate Risk  ,"The risk that changes in interest rates could affect the university's ability to service debt obligations or impact investment returns on endowment funds, and the risk of financial losses from exposure to interest rate swaps or derivative instruments if market conditions change unfavorably."
Interest Rate Change Risk,Risk of changes in interest rates affecting the university's ability to service debt obligations or impacting investment returns on endowment funds. 
Interest Rate Derivatives Risk,"Risk of exposure to interest rate swaps or derivative instruments, leading to financial losses if market conditions change unfavorably. "
Investment Risk  ,"Risk of investment losses due to market volatility, poor investment decisions, or external economic factors, affecting the university's endowment funds, pension plans, or other investment portfolios. "
Investment Return Risk,"Risk of investment losses due to market fluctuations, suboptimal investment choices, or external economic factors, impacting the university's endowment funds, pension plans, or other investment portfolios."
Government Funding Risk,"The risk of changes in government funding levels or distribution methods, as well as shifts in government policies, potentially affecting the university’s financial flexibility and autonomy in budget allocation."
Government Funding Amount or Allocation Risk,Risk of changes in government funding amount or approach.
Budget Autonomy Risk,Risk of changes in government policies that impact the university's autonomy over budget allocation. 
Student Risk  ,"The risk of relying heavily on a limited student demographic, combined with challenges in recruitment, engagement, and retention strategies, as well as instances of student misconduct. These factors may affect enrollment stability, financial planning, student satisfaction, retention rates, the university's reputation, and compliance with institutional policies and regulations."
Student Demographic Concentration Risk,"The risk of overreliance on a limited student demographic, which could affect enrollment stability and financial planning."
Student Recruitment Strategy Risk,The risk of student recruitment strategies that are not sufficiently effective in attracting a diverse student body.
Student Engagement Risk,"The risk of challenges in student engagement and retention strategies, potentially resulting in lower student satisfaction and retention rates."
Student Misconduct Risk,"The risk associated with student misconduct, such as fraudulent activities or misuse of university resources, which could impact the university's reputation and compliance with policies."
Supplier Risk,"The risk associated with dependence on a small number of key suppliers, potential unethical behavior by suppliers, disruptions in the supply chain due to global or local events, fluctuations in costs, and inadequacies in supplier management and planning. These issues could hinder our operational capabilities, compromise quality and compliance, impact budgeting and financial health, and ultimately affect both academic and administrative functions."
Vendor Concentration Risk,"The risk associated with relying on a small number of key suppliers, which could disrupt our operational capabilities."
Vendor Integrity Risk,"The risk of fraudulent or unethical behavior by suppliers, which could compromise product quality and regulatory compliance."
Supply Chain Disruption Risk,"The risk of disruptions in the supply chain, whether from global or local events, impacting the timely availability of essential goods and services needed for university operations."
Cost Volatility Risk,"The risk of substantial fluctuations in the costs of goods and services, which may affect budgeting and overall financial stability."
Vendor Risk,"The risk of insufficient supplier identification strategies, resulting in partnerships with suppliers that may fail to meet the university’s standards for quality, reliability, or ethical practices."
Supplier Management Risk,"The risk of challenges in supplier management strategies that may affect performance, relationships, and the quality of goods and services received, potentially impacting overall operational efficiency."
Supply Planning Risk,"The risk of challenges in supply planning processes that may lead to shortages or surpluses, disrupting academic and administrative operations and resulting in inefficient use of assets, such as excess inventory or outdated supplies."
Information System Risk,"The risk of vulnerabilities in IT systems, including cyber-attacks, system failures or downtimes, outdated technology, and data leaks due to insufficient data handling procedures. These issues may compromise data security, disrupt educational, research, and operational functions, and affect privacy and compliance."
Cybersecurity Risk,"The risk of vulnerabilities in IT systems that may be exploited by cyber-attacks, potentially compromising data security and operational integrity."
System Failure Risk,The risk of critical IT system failures or downtimes that may disrupt the continuity of educational and administrative functions.
Unsuitable Technology Risk,"Risk of using unsuitable technology, hindering effective teaching, research, and administration. "
Data Handling and Sharing Risk,"The risk of data leaks arising from challenges in data handling and sharing procedures, which may impact privacy and compliance."
Data Integrity Risk ,"The risk of making decisions based on inaccurate or outdated data, along with compromised reporting quality due to unreliable information. These issues may lead to suboptimal strategic and operational outcomes, affect transparency and accountability, and challenge compliance with regulatory and institutional reporting requirements."
Data Accuracy Risk,"The risk of making decisions based on inaccurate or outdated data, which may result in suboptimal strategic and operational outcomes."
Data Reliability and Timeliness Risk,"The risk of compromised reporting quality due to unreliable or outdated data, which may affect transparency and accountability."
Operational Technology Obsolescence Risk ,The risk of reliance on outdated technologies that may hinder effective research and educational delivery.
Outdated Technology Risk,The risk of reliance on outdated technologies that may hinder effective research and educational delivery.
People Risk - Staff,"The risk of challenges in attracting and retaining qualified and diverse management, unionized, and exempt non-management staff. This includes potential gaps in critical operational roles, limitations in development programs, concerns about ethical behavior, and risks to strategic stability. These issues may impact leadership effectiveness, operational continuity, efficiency, and compliance with institutional policies and regulatory requirements."
Management Recruitment Risk,"The risk of failing to attract qualified and diverse management employees, which could affect strategic decision-making and leadership effectiveness."
Union Staff Retention Risk,"The risk of not retaining key unionized non-management personnel, which may lead to gaps in critical operational roles."
Union Staff Development Risk,"The risk of inadequate development programs for unionized non-management staff, which may result in decreased efficiency and morale."
Union Staff Integrity Risk,"The risk of ethical challenges among unionized non-management staff, which may affect operational integrity and labor relations."
Management Retention Risk,"The risk of not retaining management personnel, which may lead to strategic instability and a loss of institutional knowledge."
Management Development Risk,"The risk of inadequate leadership development programs for management employees, which may result in ineffective management and reduced strategic innovation."
Management Integrity Risk,"The risk of ethical challenges among management staff, which may compromise institutional integrity and compliance."
Exempt Staff Recruitment Risk,"The risk of failing to attract qualified and diverse exempt non-management staff, which may impact operational effectiveness and innovation."
Exempt Staff Retention Risk,"The risk of not retaining key exempt non-management personnel, which may lead to operational disruption and loss of specialized knowledge."
Exempt Staff Development Risk,"The risk of inadequate development programs for exempt non-management staff, which may result in underperformance and a lack of professional growth."
Exempt Staff Integrity Risk,"The risk of ethical challenges among exempt non-management staff, which may affect organizational integrity and compliance."
Union Staff Recruitment Risk,"The risk of failing to attract qualified and diverse unionized non-management staff, which may affect service delivery and operational continuity."
People Risk - Teaching Faculty,"The risk of not attracting and retaining qualified and diverse faculty, coupled with inadequate professional development and ethical concerns. These issues could impact institutional reputation, teaching and learning effectiveness, and compliance with ethical standards, institutional policies, and adherence with regulatory requirements."
Teaching Faculty Recruitment Risk,"The risk of failing to attract qualified and diverse faculty, which may affect the quality of teaching and the institution's reputation."
Teaching Faculty Retention Risk,"The risk of not retaining faculty, which may result in loss of expertise and disruption in teaching and learning activities."
Teaching Faculty Development Risk,"The risk of limited professional development resources for faculty, which may lead to stagnation in teaching methods."
Teaching Faculty Integrity,"The risk of ethical challenges among teaching faculty, potentially undermining scholarly integrity and compliance with ethical standards."
People Risk - Research Faculty,"The risk of not attracting and retaining qualified and diverse research faculty, along with inadequate professional development and ethical concerns. These issues could affect research quality, institutional reputation, continuity of research programs, and compliance with ethical standards, institutional policies, and regulatory requirements."
Researcher Recruitment Risk,"The risk of challenges in attracting qualified and diverse research faculty, which may affect research quality and the institution's reputation."
Researcher Retention Risk,"The risk of challenges in retaining research faculty, which may lead to loss of expertise and disruption in research programs."
Researcher Development Risk,"The risk of limited professional development opportunities for research faculty, which may impact the advancement of research methodologies and approaches."
Research Faculty Integrity,"The risk of ethical challenges among research faculty, potentially undermining scholarly integrity and compliance with ethical standards."
People Risk - Grad Students (GRA/GAA),"The risk of challenges in attracting and retaining diverse and talented graduate students (GRA/GAA), along with limitations in academic and professional development opportunities and adherence to ethical standards. These factors could impact research quality, academic reputation, continuity of research programs, and compliance with academic standards and institutional policies."
Graduate Student Recruitment Risk,"The risk of not attracting diverse graduate students (GRA/GAA), which may affect research quality and academic reputation."
Graduate Student Retention Risk,"The risk of challenges in retaining graduate students (GRA/GAA), which may affect research continuity and the effective use of invested resources."
Graduate Student Development Risk,"The risk of limited academic and professional development opportunities for graduate students (GRA/GAA), potentially leading to graduates who feel less prepared for their future careers."
Graduate Student Integrity Risk,"The risk of challenges related to maintaining scholarly integrity among graduate students (GRA/GAA), which could impact research quality and adherence to academic standards."
Curriculum Delivery Risk,"The risk of not consistently delivering high-quality and innovative curriculum approaches, which may affect student learning outcomes and the institution's reputation for effective teaching."
Curriculum Quality,"The risk of not maintaining high quality and innovative approaches to delivering student curriculum, impacting student learning outcomes and institutional reputation as an effective and innovative teaching institution. "
Student Service Quality Risk  ,"The risk of not providing exceptional student services, which could impact student experience and satisfaction across various areas, including housing, food, health and wellbeing, student affairs, athletics and recreation, and student careers."
Student Service Quality Risk  ,"The risk of not providing exceptional student services, which could impact student experience and satisfaction across various areas, including housing, food, health and wellbeing, student affairs, athletics and recreation, and student careers."
Physical Safety Risk  ,"The risk of accidents, safety incidents, and violence on campus, which may arise from limited safety measures, equipment failures, or unsafe campus conditions, potentially impacting the safety of faculty, staff, students, and visitors."
Campus Safety (Accidents),"Risk of accidents and safety incidents on campus, including injuries due to limited safety measures, equipment failures, or unsafe campus conditions."
Campus Safety (Violence),"Risk of potential violence on campus, which may include various aggressive behaviors or incidents that could threaten the personal safety of faculty, staff, students, and visitors."
Property Security Risk,"Risk of vulnerabilities in the security of physical assets (such as buildings, equipment, and materials), potentially resulting in property loss, damage, or unauthorized access."
Property Security Risk,"Risk of vulnerabilities in the security of physical assets (such as buildings, equipment, and materials), potentially resulting in property loss, damage, or unauthorized access."
Reputation Risk,"The risk of challenges in crisis management, addressing incidents, media communication, community and stakeholder engagement, and utilization of promotional opportunities. These factors could affect the university’s ability to build trust, shape media narratives, celebrate achievements, and enhance its overall reputation."
Crisis Management Risk,"Risk of challenges in crisis management, which could result in missed opportunities to demonstrate leadership and strengthen trust through transparent and timely responses."
Incident Response Risk,"Risk of challenges in addressing incidents and breaches in a timely manner, including the missed opportunity to publicly highlight corrective actions and improvements that could enhance trust."
Media Communication Risk,"Risk of challenges in media communication strategies, which may result in missed opportunities to positively shape media narratives and promote the university's successes."
Community Engagement Risk,"Risk of not fully engaging with the community and constituents, which may limit opportunities to showcase the university's achievements and to promote community involvement."
Promotional Opportunity Risk,"Risk of not fully utilizing positive messaging and promotional opportunities, which may limit the university's ability to enhance its reputation by showcasing achievements and contributions."
Climate and Natural Disaster Risk,Risk of exposure to climate change effects and natural disasters that may impact university operations and assets.
Risk of Natural Disaster Impact,Risk of exposure to natural disasters and the effects of climate change that may impact university operations and assets.
Continuity Risk,"The risk of incomplete or outdated planning for business continuity, including crisis management and disaster recovery, which may result in delayed or ineffective responses to significant disruptions. This includes geopolitical events, technological failures, and natural disasters, emphasizing the importance of comprehensive and regularly tested continuity plans to ensure organizational resilience and rapid recovery."
Continuity Planning Risk,"The risk of incomplete continuity planning that may lead to challenges in responding to significant disruptions, impacting academic and administrative resilience and effective recovery."
Insufficient Preparation,"Risk of not adequately assessing and preparing for the potential impacts of significant disruptions, such as geopolitical events, technological failures, or natural disasters. This involves ensuring that all possible scenarios are considered and that continuity plans are flexible and adaptable to various scales and types of disruptions."
Insurance Risk,"Risk of insufficient or excessive insurance coverage as well as challenges in meeting compliance requirements. This may lead to denied claims, fluctuations in premiums, or unexpected financial implications stemming from misunderstandings of risk or inaccuracies in coverage evaluation."
Insurance Non-Compliance Risk,"Risk of not adequately meeting insurance policy requirements, which may include not adhering to recommended loss prevention procedures, insufficient documentation of these procedures, or providing inaccurate information during insurance applications. This may result in challenges such as denied coverage, fluctuations in premiums, or difficulties in recovering losses."
Coverage Assessment Risk,"Risk of having insufficient or overly broad insurance coverage due to misunderstandings of the university's risk exposure, inaccuracies in evaluating existing policy coverage, or a lack of awareness regarding third-party responsibilities in agreements. This could lead to potential financial implications or increased costs."
Pricing Risk ,"The risk of mispricing educational offerings, research services, or ancillary services, potentially impacting financial sustainability, service utilization, and competitive positioning."
Pricing Misalignment (Educational Offerings),"The risk of mispricing educational offerings, including tuition and related services, which could lead to decreased accessibility, reduced utilization, lost financial opportunity from underpricing, and potential loss of competitive advantage."
Pricing Misalignment (Research Offerings),"The risk of mispricing research services and participation, which could lead to suboptimal financial margins, decreased engagement from participants, lost research opportunities, and reduced overall effectiveness of research activities."
Pricing Misalignment (Ancillary),"The risk of mispricing ancillary services and products, which could lead to suboptimal financial margins, decreased utilization, and missed opportunities for enhancing student experience and institutional revenue."
Research Risk  ,"The risk of failing to effectively execute research projects or uphold high-quality research services that align with the university’s educational mission and societal impact. This may arise from poor project management, insufficient resource allocation, or inefficiencies in research processes, potentially leading to increased costs, delays in achieving meaningful outcomes, and reduced contribution to knowledge advancement."
Research Project Management Risk,"Risk of challenges in conducting effective research projects or maintaining high-quality research services that align with academic and societal goals. Factors such as project management difficulties, resource allocation issues, or inefficiencies in research processes may lead to delays, increased costs, and outcomes that do not fully meet expectations."
Facilities Risk,"Risk that facility space may be insufficient or not optimally designed for current needs, potentially impacting the university's ability to effectively deliver teaching and learning experiences and conduct impactful research."
Facility Space Risk,"Risk that university facilities may not provide sufficient space to effectively support research, teaching, learning, and administrative functions, which could hinder operational efficiency and the university’s overall effectiveness in achieving its academic and research goals."
Inadequate Facility Design,"Risk that available facility spaces may not be effectively designed or equipped for their intended purposes, potentially limiting functionality and hindering the university’s ability to deliver programs and services efficiently."
Facility Adaptability Risk,"Risk that existing facilities may not provide the flexibility needed to adapt to the university’s evolving requirements, such as program expansion, technological advancements, and changing needs of students and faculty, potentially hindering long-term strategic objectives."
Facility Space Utilization Risk,"Risk that university facilities may not be utilized optimally, resulting in underutilized or overcrowded spaces. This inefficiency can hinder the university's ability to effectively support its teaching, learning, and research activities."
Strategic Alignment Risk,"Risk that the institutional strategy may not align with current and future trends in post-secondary education, leading to ineffective communication across the organization and misalignment with UBCV and UBCO strategy, shared services strategy, individual faculty strategies, IT Roadmap, facilities plan and approach to budget and forecasting.  This misalignment could result in financial losses, operational inefficiencies, reputational damage, missed opportunities, decreased stakeholder confidence, and challenges in collaboration and resource utilization."
Misalignment with Evolving Post-Secondary Trends,"Risk of the institutional strategy not aligning with evolving post-secondary trends, which may lead to financial losses, operational inefficiencies, reputational harm, and missed opportunities."
Strategy Communication Risk,"Risk of inadequate communication of the institutional strategy within the organization, resulting in operational confusion, missed opportunities for innovation and growth, and diminished stakeholder confidence."
Alignment of Strategy Risk,"Risk of misalignment between UBC's institutional strategy and those of UBCV and UBCO, administrative services (HR, IT, Finance, Procurement etc.), and faculties which may lead to fragmented strategy execution, inefficient use of resources, conflicting outcomes, and hindered collaboration on strategic initiatives."
Suboptimal Strategy Risk,"Risk of formal strategies being insufficient, potentially leading to missed opportunities, financial losses, and diminished constituent confidence in the university's direction."
Suboptimal Strategy Risk,"Risk of formal strategies being insufficient, potentially leading to missed opportunities, financial losses, and diminished constituent confidence in the university's direction."
Evolving Educational Context Risk,"Risk of not effectively responding to shifts in student preferences, evolving educational trends, and changes in external funding or industry needs. This may result in decreased enrollment, lost opportunities for research, disruptions to projects, diminished competitiveness, and potential impacts on UBC's reputation and relevance."
Student Preference Risk,"Risk of slow or inadequate responsiveness to evolving student preferences, potentially resulting in decreased enrollment in student programs and reduced student engagement. "
Research Trend Risk,"Risk of insufficient anticipation and adaptation to emerging post-secondary trends, which may lead to missed opportunities for research collaboration and innovation. "
Changing Industry Needs,"Risk of shifts in industry demands affecting the relevance and value of educational offerings, potentially diminishing UBC's competitiveness and ability to prepare students for viable careers."
Opportunity Identification Risk,"The risk of failing to identify, exploit, or timely act on new opportunities for high-quality education and impactful research. This could result in missed opportunities and reduced competitiveness in both education and research sectors."
Opportunity Identification Risk - Education,"The risk of failing to identify, exploit, or timely act on new opportunities for high-quality education delivery. This could result in missed opportunities and reduced competitiveness as an effective and innovative teaching and learning institution."
Opportunity Identification Risk - Research,"The risk of failing to identify, exploit, or timely act on new opportunities to perform impactful research. This could result in missed opportunities and reduced competitiveness as a highly respected research institution."
Post-Secondary Rankings and Competition Risk,"The risk of increased competition from existing and new educational and research entities, which may lead to reduced market share, diminished competitiveness, and decreased standing in both education and research sectors. This includes threats from improved offerings, aggressive pricing, enhanced student experiences, and intensified marketing strategies."
Increased Challenge from Existing Education Providers,"Risk of increased competition from existing education providers launching new or improved educational offerings, potentially impacting UBC's rankings or ability to attract students. "
Increased Challenge from New Education Providers,"Risk of challenge from new education providers of educational offerings, potentially impacting UBCs rankings and ability to attract students."
Aggressive Competitor Strategies (Education),"Risk of competitors implementing aggressive pricing, elevated student experience or intensified marketing strategies potentially impacting UBCs rankings and ability to attract students. "
Increased Competition from Existing Competitors (Research),"Risk of increased competition from existing competitors launching new or improved research projects, potentially diminishing UBC's standing and recognition in research endeavors. "
Increased Challenge from Existing Research Providers,"Risk of increased competition from existing research providers launching new or improved research offerings, potentially impacting UBC's rankings or ability to perform impactful research expand its scope if influence across the research community.. "
Increased Challenge from New Research Providers,"Risk of challenge from new research providers, potentially impacting UBCs rankings and ability to perform impactful research and expand its scope if influence across the research community."
Growth Risk,"The risk of selecting unsuitable acquisition targets or partners, inadequate due diligence, and ineffective post-acquisition integration, which can lead to strategic misalignment, hidden risks, and lack of synergies, ultimately undermining strategic objectives and outcomes."
Growth Partner Risk,"Risk of selecting unsuitable acquisition targets or partners, leading to strategic misalignment and diminished returns. "
Growth Preparation Risk,"Risk of incomplete or inadequate due diligence and valuation processes, exposing the organization to excessive hidden strategic, financial, operational, or compliance risks.  "
Growth Integration Risk,"There is risk that the post-acquisition integration process is ineffective and impedes the realization of anticipated synergies, hindering collaborative efforts, and undermining the overall strategic objectives. "
Partnership Risk,"The risk of over-reliance on a limited number of strategic partners, partnering with unscrupulous entities, or engaging with partners who fail to meet their obligations, which could impact institutional stability, performance, and reputation."
Partner Dependency Risk,There is risk that we develop an over-reliance on a single or limited number of strategic institutional partners or a group of partners. 
Partner Integrity Risk,There is risk that we partner with unscrupulous strategic partners. 
Partner Reliability Risk,There is risk that we partner with strategic partners who are unable to meet their obligations (either financially or through inadequate performance). 